站號|站名|海拔高度(M)|經度|緯度|城市|地址|資料起始日期|撤站日期|備註|原站號|新站號
466921|臺北(師院)|6.1|121.5132|25.0363|臺北市|中正區公園路|1992-02-01|1997-09-01|1997年9月遷回原址。||
467411|臺南(永康)|8.1|120.2367|23.0384|臺南市|永康區中正南路654巷40弄1號|1988-05-01|2002-01-01|2002-01-01遷回臺南市。||
467570|新竹|32.8|120.9776|24.8004|新竹市|公園路|1938-01-01|1991-07-01|1991-07站址遷往竹北。||
467780|七股|2.9|120.0862|23.147|臺南市|七股區鹽埕237-11號|2001-11-01|2016-06-01|||
C0A510|大豹|590|121.4215|24.8871|新北市|三峽區(三峽李山神宮附近)|1987-06-01|2009-05-16|||
C0A590|大尖山|326|121.666|25.0515|新北市|汐止區勤進路|1987-06-01|2011-08-12|||
C0A680|五股|95|121.435|25.0834|新北市|五股區248成泰路二段49巷15號(五股國中校園內)|2009-12-01|2016-07-02|原(C1A680)站因擴充為氣象站，於2009-12-1升級為(C0A680)站。|C1A680|
C0A760|林口國中|250|121.3749|25.0815|新北市|林口區林口國中|1973-02-01|1987-12-01|||
C0A930|三和|200|121.5941|25.2349|新北市|金山區兩湖里(距兩湖分校約300公尺)|1995-01-01|2014-03-20|因移位，於2014-4-1更變為(C0A931)站。||C0A931
C0A9D0|永和|13|121.5048|25.0089|新北市|永和區保生路25號(永平國民小學校園內)|1997-12-01|2013-12-03|||
C0A9H0|信義|51|121.5646|25.0381|臺北市|信義區莊敬路423巷8弄1號(信義國中內)|1997-12-01|2009-03-31|||
C0A9I0|三重|18|121.4885|25.064|新北市|三重區中正北路107號(明志國中校園內)|1997-12-01|2010-09-29|因移位，於2010-10-11更變為(C0A9I1)站。||C0A9I1
C0AC90|中和|32|121.4904|24.9926|新北市|中和區景新街467巷37號(景新國小校園內)|2009-12-01|2011-07-22|原(C1AC90)站因擴充為氣象站，於2009-12-1升級為(C0AC90)站。|C1AC90|
C0C450|新屋|92|121.1068|24.9713|桃園市|新屋區新屋里(衛生署桃園醫院新屋分院北面停車場邊)|1987-06-01|2011-09-21|||
C0C500|楊梅|181|121.1483|24.9209|桃園市|楊梅區高山里11鄰梅高路838號(楊梅高中校門口對面空地)|2011-12-01|2013-06-29|原(C1C500)站因擴充為氣象站，於2011-12-1升級為(C0C500)站。|C1C500|
C0C570|新屋|5|121.0476|25.0076|桃園市|新屋區東興路二段946號|2008-01-01|2014-09-27|原(C1C570)站因擴充為氣象站，於2008-1-1升級為(C0C570)站。|C1C570|
C0C580|新豐|143|120.9854|24.8688|新竹縣|新豐鄉|2007-10-01|2008-02-24|原(C0C580)站因縣市代碼不符，於2008-2-25重新編碼為(C0D590)站。||C0D590
C0C610|龍潭|234|121.2165|24.8568|桃園市|龍潭區神龍路346號(雙龍國民小學校園內)|2007-10-01|2014-03-16|||
C0D370|湖口|79|121.044|24.9091|新竹縣|湖口鄉德盛村98-8號(湖口農田水利會內)|2011-12-01|2013-09-09|原(C1D370)站因擴充為氣象站，於2011-12-1升級為(C0D370)站。|C1D370|
C0D470|竹東|229|121.0579|24.7671|新竹縣|橫山鄉新庄子3號(華山國民中學內)|1990-07-21|2007-05-01|||
C0E410|觀霧|2087|121.1132|24.506|新竹縣|五峰鄉及苗栗縣泰安鄉交界(林務局觀霧國家森林遊樂區遊客中心左前方往樂山基地之路旁)|1987-06-01|2007-06-22|||
C0E440|大河|122|120.9469|24.6173|苗栗縣|三灣鄉大河村64號(大河國小校園內)|2008-01-01|2015-07-23|原(C1E440)站因擴充為氣象站，於2008-1-1升級為(C0E440)站。|C1E440|
C0E580|苑里|60|120.6801|24.4335|苗栗縣|苑裡鎮|1990-07-21|2011-06-13|||
C0E760|苑裡|19|120.6582|24.4485|苗栗縣|苑裡鎮育才街100號(國立苑裡高中)|2011-11-01|2013-07-13|||
C0F860|梨山|1980|121.2593|24.2552|臺中市|和平區梨山里福壽路10號（梨山國小）|1990-07-21|2004-06-01|||
C0F950|合歡山|3430|121.2726|24.1435|南投縣|仁愛鄉(近合歡山三角點，由松雪樓開車約15分鐘，大甲溪事業區第81林班)|1990-07-01|2008-02-24|原(C0F950)站因縣市代碼不符，於2008-2-25重新編碼為(C0H9C0)站。||C0H9C0
C0F990|橫山|253|120.6073|24.2191|臺中市|大雅區橫山通山路46號(台中高爾球場辦公室後面)|2008-04-01|2015-07-30|原(C1F990)站因擴充為氣象站，於2008-4-1升級為(C0F990)站。|C1F990|
C0G710|台西|64|120.2798|23.8485|彰化縣|大城鄉臺西村許厝巷2之10號旁|1992-07-01|2015-05-25|||
C0H980|中興新村|83|120.9951|23.9363|南投縣|南投市中興新村|1992-05-01|1996-01-10|||
C0K290|宜梧|3|120.1726|23.5422|雲林縣|口湖鄉口湖村191號木宜梧農場(口湖段下湖口425號)|1993-03-01|2010-09-15|因觀測位置不佳，於2010-9-27更變為(C0K291)站。||C0K291
C0K300|大埔|369|120.6053|23.6413|雲林縣|古坑鄉朝陽村北極殿旁|1993-03-01|2015-06-05|||
C0O890|南化|167|120.4886|23.0427|臺南市|南化區|1992-05-01|1996-01-01|||
C0O910|新營|16|120.3215|23.2923|臺南市|柳營區73603太康里一號(太康段523-12號)|1993-03-01|2015-06-04|||
C0R340|牡丹|285|120.8378|22.1924|屏東縣|牡丹鄉牡丹國民小學|1997-07-01|1999-04-12|原(C0R340)站於1999-4-12變更為(C1R340)站。||C1R340
C0S720|靜浦|92|121.4948|23.4551|花蓮縣|豐濱鄉靜浦村活動中心後山上|1997-07-01|2008-02-24|原(C0S720)站因縣市代碼不符，於2008-2-25重新編碼為(C0T9M0)站。||C0T9M0
C0T840|新城|32|121.6056|23.9988|花蓮縣|新城鄉北埔村北埔路170號(北埔國民小學內)|1996-01-01|2009-09-24|因移位，於2009-10-15更變為(C0T841)站。||C0T841
C0U640|羅東|24|121.7478|24.6838|宜蘭縣|羅東鎮羅東公園|1996-01-01|2015-12-03|||
C0V430|左營|26|120.2937|22.6779|高雄市|左營區曾子路281號（左營國中舊校區內）|2013-12-01|2015-09-08|原(C1V430)站因移位及擴充為氣象站，於2013-12-1升級為(C0V430)站。|C1V430|
C0X020|關子嶺|403|120.5116|23.327|臺南市|白河區關嶺里|1993-05-01|2015-04-16|||
C0Z060|玉里|130|121.3178|23.3446|花蓮縣|玉里鎮中華路414號內(林務局花蓮林管處玉里工作站宿舍旁)|1997-07-01|2008-02-19|因移位，於2008-2-20更變為(C0Z061)站。||C0Z061
C1A640|石碇|140|121.6629|24.9937|新北市|石碇區湳窟34號附近|1987-06-01|2009-11-30|因擴充為氣象站，於2009-12-1升級為(C0A640)站。||C0A640
C1A650|火燒寮|380|121.7426|25.0024|新北市|平溪區東勢村|1987-06-01|2009-11-30|因擴充為氣象站，於2009-12-1升級為(C0A650)站。||C0A650
C1A660|瑞芳|101|121.8013|25.1132|新北市|瑞芳區龍山里逢甲路360號(義方國民小學校園內)|1987-06-01|2009-11-30|因擴充為氣象站，於2009-12-1升級為(C0A660)站。||C0A660
C1A670|新莊|9|121.4468|25.0515|新北市|新莊區立言里新泰路359號(新泰國民中學旁)|1987-06-01|2009-03-19|||
C1A680|五股|95|121.4354|25.0835|新北市|五股區成泰路二段49巷15號(五股國中校園內)|1987-06-01|2009-11-30|因擴充為氣象站，於2009-12-1升級為(C0A680)站。||C0A680
C1A690|木柵|260|121.5863|24.981|臺北市|文山區萬壽路115號(木柵指南宮前左側步道上)|1987-06-01|2009-07-14|||
C1A700|南勢角|197|121.4899|24.9813|新北市|中和區圓通路367巷64號(慈雲寺右旁步行2分鐘)|1987-06-01|2009-07-13|||
C1A710|林口|238|121.3782|25.0763|新北市|林口區湖南里頭湖150號(林口國中校園內)|1987-06-01|2009-11-30|因擴充為氣象站，於2009-12-1升級為(C0A710)站。||C0A710
C1A720|松山|10|121.5654|25.0749|臺北市|松山區|1987-06-01|1992-02-26|||
C1A740|淡水|40|121.4568|25.1626|新北市|淡水區|1987-06-01|1997-06-01|||
C1A970|關渡|45|121.4674|25.1329|臺北市|北投區大成崗112號(北台灣科學技術學院校園內)|1992-05-20|2008-02-24|因與三貂角氣象站(C0A970)重複編號，於2008-2-25起變更站碼為(C1AC50)。2009-2-18～2009-2-19原址儀器汰換，原站址位於校園內，汰換後移至樓頂。||C1AC50
C1AC80|文山|45|121.5757|25.0021|臺北市|文山區木柵路4段159巷14-1號(博嘉國小校園內)|2009-10-01|2009-11-30|因擴充為氣象站，於2009-12-1升級為(C0AC80)站。||C0AC80
C1AC90|中和|49|121.5163|24.9896|新北市|中和區景新街467巷37號(景新國小校園內)|2009-10-01|2009-11-30|因擴充為氣象站，於2009-12-1升級為(C0AC90)站。||C0AC90
C1ACA0|新莊|25|121.4476|25.0518|新北市|新莊區中和街193號(榮富國小校園內)|2009-10-01|2009-11-30|因擴充為氣象站，於2009-12-1升級為(C0ACA0)站。||C0ACA0
C1C460|大溪|350|121.3513|24.8196|桃園市|復興區澤仁里中正路248號(介壽國民中學校園內)|1987-06-01|2007-09-30|因擴充為氣象站，於2007-10-1升級為(C0C460)站，站名變更為復興。||C0C460
C1C470|五權|94|121.0724|25.0177|桃園市|中壢區|1987-06-01|1995-06-23|||
C1C480|桃園|105|121.3232|24.9924|桃園市|桃園區成功路二段144號(桃園高級農工職業學校校園內)|1987-06-01|2007-12-31|因擴充為氣象站，於2008-1-1升級為(C0C480)站。||C0C480
C1C490|八德|180|121.2915|24.9271|桃園市|八德區興仁里中山路94號(八德國民小學校園內)|1987-06-01|2011-11-30|因擴充為氣象站，於2011-12-1升級為(C0C490)站。||C0C490
C1C500|楊梅|187|121.1482|24.921|桃園市|楊梅區高山里11鄰梅高路838號(楊梅高中旁)|1987-06-01|2011-11-30|因擴充為氣象站，於2011-12-1升級為(C0C500)站。||C0C500
C1C520|中壢|151|121.1853|24.9677|桃園市|中壢區五權里(中央大學校園內)|1987-06-01|2007-09-30|因擴充為氣象站，於2007-10-1升級為(C0C520)站。||C0C520
C1C540|埔心|70|121.226|25.0477|桃園市|大園區埔心里25鄰埔心50號(埔心國民小學校園內)|1995-07-15|2007-12-31|因擴充為氣象站，於2008-1-1升級為(C0C540)站。||C0C540
C1C570|新屋-衛星中心|5|121.0515|25.0141|桃園市|新屋區|2007-10-01|2007-12-31|因擴充為氣象站，於2008-1-1升級為(C0C570)站。||C0C570
C1C620|蘆竹|24|121.2707|25.086|桃園市|蘆竹區|2007-10-01|2011-11-30|因擴充為氣象站，於2011-12-1升級為(C0C620)站。||C0C620
C1D370|湖口|104|121.044|24.9093|新竹縣|湖口鄉德盛村98-8號(湖口農田水利會內)|1987-06-01|2011-11-30|因擴充為氣象站，於2011-12-1升級為(C0D370)站。||C0D370
C1D390|關西|146|121.1739|24.7983|新竹縣|關西鎮北斗里北門口41號(關西國中校園內)|1987-05-01|2007-12-31|因擴充為氣象站，於2008-1-1升級為(C0D390)站。||C0D390
C1D430|峨眉|100|121.0171|24.6904|新竹縣|峨眉鄉峨眉村峨眉街54號(峨眉國中校園內)|1987-06-01|2011-11-30|因擴充為氣象站，於2011-12-1升級為(C0D430)站。||C0D430
C1D440|新竹|36|121.0141|24.8283|新竹市|公園路(新竹氣象站舊址)|1987-06-01|2007-05-01|||
C1D480|打鐵坑|223|121.151|24.8332|新竹縣|新埔鎮新北里8鄰大北坑28號旁|1990-07-20|2007-12-31|因擴充為氣象站，於2008-1-1升級為(C0D480)站。||C0D480
C1D560|竹東|147|121.0581|24.7675|新竹縣|竹東鎮二重國民小學校園內|2007-10-01|2007-12-31|因擴充為氣象站，於2008-1-1升級為(C0D560)站。||C0D560
C1E440|大河|122|120.9551|24.6154|苗栗縣|三灣鄉大河村64號(大河國小校園內)|1987-06-01|2007-12-31|因擴充為氣象站，於2008-1-1升級為(C0E440)站。||C0E440
C1E450|象鼻|968|120.9404|24.3685|苗栗縣|泰安鄉象鼻村|1990-07-21|2011-10-31|因儀器汰換，於2011-11-1更變為(C1E451)站。||C1E451
C1E460|松安|1400|120.986|24.3977|苗栗縣|泰安鄉梅園村二本松梅園派出所|1990-07-21|2011-10-31|因儀器汰換，於2011-11-1更變為(C1E461)站。||C1E461
C1E470|馬達拉|1800|121.1904|24.4924|苗栗縣|泰安鄉梅園村(由觀霧派出所開車經大霸尖山路口直走約50分)|1990-07-21|2007-06-25|2005年以後未進行維護。||
C1E490|合流山|2533|121.0596|24.3527|苗栗縣|泰安鄉合流山山區大安溪事業區93林班地(小雪山右轉，230林道22K處附近)|1990-08-01|2007-04-11|2005年以後未進行維護。||
C1E500|卓蘭|345|120.8112|24.3071|苗栗縣|卓蘭鎮蘭勢大橋下方堤防旁|1990-07-21|2011-06-13|||
C1E510|新開|350|120.8271|24.3477|苗栗縣|大湖鄉新開村新開4鄰20號旁|1990-07-21|2011-10-31|因儀器汰換，於2011-11-1更變為(C1E511)站。||C1E511
C1E520|大湖|350|120.8746|24.4171|苗栗縣|大湖鄉大寮村5鄰竹高屋34-1號附近|1990-07-21|2011-10-31|因擴充為氣象站，於2011-11-1升級為(C0E520)站。||C0E520
C1E540|後龍|41|120.7837|24.6063|苗栗縣|後龍鎮後龍溪橋旁|1990-07-23|2011-10-31|因擴充為氣象站，於2011-11-1升級為(C0E540)站。||C0E540
C1E550|明德|109|120.8868|24.5846|苗栗縣|頭屋鄉明德水庫水利工作站屋頂上|1990-07-21|2011-10-31|因擴充為氣象站，於2011-11-1升級為(C0E550)站。||C0E550
C1E560|和興|392|120.9151|24.5141|苗栗縣|獅潭鄉和興村|1990-07-21|2011-06-13|||
C1E570|公館|146|120.829|24.4957|苗栗縣|公館鄉館南村261號(苗栗農改場)|1990-07-21|2011-06-13|本站(C1E570)與苗栗農改場(K2E360)設置地點均位於苗栗農改場，設置地點相近。||
C1E590|土城|70|120.7043|24.4716|苗栗縣|通霄鎮城北里1鄰13號(通霄鎮城中國民小學內)|1990-07-21|2011-10-31|於2011-11-1變更為(C0E590)站，站名變更為通霄。||C0E590
C1E600|南勢|150|120.7346|24.5727|苗栗縣|後龍鎮南港里南勢山|1990-07-21|2011-10-31|因儀器汰換，於2011-11-1更變為(C1E601)站。||C1E601
C1E680|南勢山|949|120.9237|24.4218|苗栗縣|泰安鄉大興村(從泰安國小進入站址車程約10分鐘)|2002-08-01|2011-10-31|因儀器汰換，於2011-11-1更變為(C1E681)站。||C1E681
C1E690|南湖|770|120.8376|24.401|苗栗縣|大湖鄉(位於南湖台3線135K處之吊樑道山上)|2002-08-01|2011-10-31|因儀器汰換，於2011-11-1更變為(C1E691)站。||C1E691
C1E700|八卦|749|120.9276|24.4918|苗栗縣|泰安鄉(與八卦派出所相距約1.2K處)|2002-08-01|2011-10-31|因儀器汰換，於2011-11-1更變為(C1E701)站。||C1E701
C1E710|馬拉邦山|959|120.9015|24.3674|苗栗縣|大湖鄉東興村(馬拉邦山登山口)|2002-08-01|2011-10-31|因儀器汰換，於2011-11-1更變為(C1E711)站。||C1E711
C1E720|泰安|1333|120.9676|24.4888|苗栗縣|泰安鄉騰龍古道上(走路約5分鐘)之大湖事業區18林班地|2002-08-01|2011-10-31|因儀器汰換，於2011-11-1更變為(C1E721)站。||C1E721
C1F000|大肚|348|120.5726|24.153|臺中市|大肚區瑞井里遊園路一段二號(台中區監理所內)|1992-07-01|2011-10-31|因擴充為氣象站，於2011-11-1升級為(C0F000)站。||C0F000
C1F850|東勢|320|120.8334|24.2463|臺中市|東勢區東關路647號(東勢林區管理處雙崎工作站內)|1990-07-21|2011-10-31|因擴充為氣象站，於2011-11-1升級為(C0F850)站。||C0F850
C1F870|上谷關|1045|121.019|24.2032|臺中市|和平區(博愛國小谷關分校附近)|1990-07-21|2011-10-31|因儀器汰換，於2011-11-1更變為(C1F871)站。||C1F871
C1F880|阿眉|1677|120.9943|24.126|臺中市|仁愛區(水利局雨量站旁)|1990-07-21|2008-02-24|原(C1F880)站因縣市代碼不符，於2008-2-25重新編碼為(C1H9B0)站。||C1H9B0
C1F890|稍來|2010|121.0012|24.2657|臺中市|和平區八仙山事業區49林班地船型山苗圃廢棄觀測坪附近|1990-07-21|2011-10-31|因儀器汰換，於2011-11-1更變為(C1F891)站。||C1F891
C1F910|新伯公|440|120.8409|24.2216|臺中市|東勢區詒福段163地號(台電公司門前右前方)|1990-07-21|2011-10-31|因儀器汰換，於2011-11-1更變為(C1F911)站。||C1F911
C1F920|石岡|280|120.7704|24.2796|臺中市|石岡區石岡里豐勢路1238號(石岡壩管理中心內)|1990-07-21|2011-10-31|因擴充為氣象站，於2011-11-1升級為(C0F920)站。||C0F920
C1F930|大甲|90|120.6421|24.351|臺中市|大甲區開元路71號(大甲高級工業職業學校內)|1990-07-21|2011-10-31|因擴充為氣象站，於2011-11-1升級為(C0F930)站。||C0F930
C1F940|雪嶺|2605|121.0268|24.2807|臺中市|和平區雪嶺地區八仙山事業區60林班地小雪山莊後方水塔後山頂|1990-07-21|2011-10-31|因儀器汰換，於2011-11-1更變為(C1F941)站。||C1F941
C1F960|水湳|125|120.6523|24.2213|臺中市|大雅區二和里學府路230號(大雅國民小學校園內)|1992-05-01|2005-11-21|||
C1F970|大坑|170|120.7362|24.1716|臺中市|北屯區40605廓子里廓子巷11號(中台科技大學校園內)|1992-05-01|2011-10-31|因擴充為氣象站，於2011-11-1升級為(C0F970)站。||C0F970
C1F980|炮子林|600|120.8095|24.0885|臺中市|太平區|1992-05-01|1996-01-01|||
C1F990|橫山|253|120.6073|24.2191|臺中市|大雅區橫山里通山路46號(臺中高爾夫球場辦公室後面)|1992-07-01|2008-03-31|因擴充為氣象站，於2008-4-1升級為(C0F990)站。||C0F990
C1F9A0|中竹林|425|120.7515|24.1038|臺中市|太平區長龍路中埔二號橋至站址直線距離約1.7km|2002-08-01|2011-10-31|因擴充為氣象站，於2011-11-1升級為(C0F9A0)站。||C0F9A0
C1F9B0|桐林|124|120.7354|24.0663|臺中市|霧峰區桐林里民生路(桐林國小斜對面)|2002-08-01|2011-10-31|因儀器汰換，於2011-11-1更變為(C1F9B1)站。||C1F9B1
C1F9C0|白冷|619|120.9298|24.1827|臺中市|和平區天輪里天輪巷42號(臺中市和平區白冷國民小學校園內)|2002-08-01|2011-10-31|因儀器汰換，於2011-11-1更變為(C1F9C1)站。||C1F9C1
C1F9D0|白毛台|613|120.887|24.1582|臺中市|新社區福興里福民路13號旁|2002-08-01|2011-10-31|因儀器汰換，於2011-11-1更變為(C1F9D1)站。||C1F9D1
C1F9E0|龍安|537|120.8321|24.1602|臺中市|新社區中和里內(距龍安橋約1.2k處)|2002-08-01|2011-10-31|因儀器汰換，於2011-11-1更變為(C1F9E1)站。||C1F9E1
C1F9F0|伯公龍|504|120.8493|24.2724|臺中市|東勢區勢林街(宏覺寺旁)|2002-08-01|2011-10-31|因儀器汰換，於2011-11-1更變為(C1F9F1)站。||C1F9F1
C1F9G0|慶福山|782|120.8479|24.181|臺中市|東勢區(台8線10.5k往馬鞍農場方向車程約半小時)|2002-08-01|2011-10-31|因儀器汰換，於2011-11-1更變為(C1F9G1)站。||C1F9G1
C1F9H0|烏石坑|886|120.9457|24.2791|臺中市|和平區大安溪事業區第122林班之烏石坑苗圃內|2002-08-01|2011-10-31|因儀器汰換，於2011-11-1更變為(C1F9H1)站。||C1F9H1
C1F9I0|神岡|189|120.6587|24.2727|臺中市|神岡區三民路639號(圳堵國小校園南側大樓屋頂平台)|2006-01-01|2011-10-31|因擴充為氣象站，於2011-11-1升級為(C0F9I0)站。||C0F9I0
C1F9J0|清水林|723|120.8204|24.0716|臺中市|太平區136縣道9.5K處旁約500公尺|2002-08-01|2011-10-31|原(C1I180)站因縣市代碼不符，於2008-2-25重新編碼為(C1F9J0)站。因儀器汰換，於2011-11-1更變為(C1F9J1)站。|C1I180|C1F9J1
C1G620|芬園|133|120.6212|24.0155|彰化縣|芬園鄉楓坑村大埔崙產業道路上(芬園往臺灣民俗村路上)|1992-05-01|2011-10-31|因擴充為氣象站，於2011-11-1升級為(C0G620)站。||C0G620
C1G630|彰化|15|120.5551|24.0788|彰化縣|彰化市卦山里卦山路13號(彰化國民中學內)|1992-07-01|2011-10-31|因儀器汰換，於2011-11-1更變為(C1G631)站。||C1G631
C1G631|彰化|98|120.5547|24.0791|彰化縣|彰化市卦山里卦山路13號(彰化藝術高級中學內)|2011-11-01|2015-09-02|原(C1G630)因儀器汰換，於2011-11-1更變為(C1G631)站。|C1G630|
C1G660|溪湖|121|120.479|23.9483|彰化縣|溪湖鎮大竹里彰水路二段725號(湖南國民小學內)|1992-07-01|2011-10-31|因擴充為氣象站，於2011-11-1升級為(C0G660)站。||C0G660
C1G670|溪州|14|120.4959|23.8482|彰化縣|溪洲鄉溪州村中央路250號(溪州農場)|1992-07-01|2015-05-27|||
C1G680|草湖|10|120.3784|23.9596|彰化縣|芳苑鄉草湖村功湖路草湖段140號(草湖國民中學內)|1992-07-01|2011-08-14|||
C1G700|中西|15|120.3522|23.882|彰化縣|二林鎮中西里工城路5號二林農場中西耕區(二林鎮中西段333號)|1992-07-01|2015-06-05|因移位及擴充為氣象站，於2015-7-1升級為(C0G730)站，站名更變為二林。||C0G730
C1H850|翠巒|2297|121.2266|24.1929|南投縣|仁愛鄉力行產業道路之華崗派出所斜對面|1992-05-01|2015-08-05|||
C1H870|仁愛|1113|121.1307|24.0186|南投縣|仁愛鄉(臺電公司電源保護中心內)|1992-05-01|2015-08-10|||
C1H880|凌霄|1318|121.0149|24.0168|南投縣|埔里鎮中山路三段582號(凌霄殿內)|1992-05-01|2015-08-28|||
C1H890|大肚城|451|120.9523|23.9709|南投縣|埔里鎮大城里大城路169號(南投縣立大成國民中學內)|1992-05-01|2015-09-04|因擴充為氣象站，於2015-9-4升級為(C0H890)站，站名更變為埔里。||C0H890
C1H910|魚池|724|120.9291|23.9009|南投縣|魚池鄉興池段1368地號(魚池苗圃內)|1992-05-01|2015-09-07|||
C1H930|北山|393|120.8748|23.9853|南投縣|國姓鄉北山村頭溪巷7-1號旁|1992-05-01|2015-09-04|||
C1H940|雙冬|600|120.8023|23.9674|南投縣|草屯鎮雙冬里|1992-05-01|2011-10-31|因儀器汰換，於2011-11-1更變為(C1H941)站。||C1H941
C1H950|中寮|180|120.7665|23.8843|南投縣|中寮鄉復興村初中巷50號(中寮國中校園內)|1992-05-01|2011-10-31|因擴充為氣象站，於2011-11-1升級為(C0H950)站。||C0H950
C1H960|草屯|75|120.6629|23.9971|南投縣|草屯鎮中山里草溪路791號(省都電臺內)|1992-05-01|2011-10-31|因擴充為氣象站，於2011-11-1升級為(C0H960)站。||C0H960
C1H970|六分寮|425|120.6381|23.9255|南投縣|南投市鳳鳴里八卦路894號(西嶺國小內)|1992-05-01|2011-10-31|因儀器汰換，於2011-11-1更變為(C1H971)站。||C1H971
C1H9B0|阿眉|1677|120.9943|24.126|南投縣|仁愛鄉(水利局雨量站旁)|1990-07-21|2011-10-31|原(C1F880)站因縣市代碼不符，於2008-2-25重新編碼為(C1H9B0)站。因儀器汰換，於2011-11-1更變為(C1H9B1)站。|C1F880|C1H9B1
C1I040|文文社|1693|120.9935|23.8493|南投縣|仁愛鄉法治村良久林場內|1992-07-01|2015-11-09|||
C1I060|望鄉|2403|120.9282|23.6191|南投縣|信義鄉望美村望鄉工作站內(巒大事業區119林班)|1992-07-01|2015-10-28|||
C1I080|信義|536|120.851|23.6897|南投縣|信義鄉自強村綠美巷(內茅埔林區23林班地)|1992-07-01|2015-09-22|因擴充為氣象站，於2015-9-22升級為(C0I080)站。||C0I080
C1I100|溪頭|1771|120.8073|23.6613|南投縣|鹿谷鄉內湖村森林巷溪頭林營區(鳳凰山瞭望臺旁)|1992-07-01|2011-10-31|因儀器汰換，於2011-11-1更變為(C1I101)站。||C1I101
C1I120|大鞍|1528|120.7598|23.6785|南投縣|竹山鎮樟空倫山之三角點附近|1992-07-01|2011-10-31|因儀器汰換，於2011-11-1更變為(C1I121)站。||C1I121
C1I130|桶頭|307|120.6537|23.6424|南投縣|竹山鎮鯉南路338號旁|1992-07-01|2011-10-31|因儀器汰換，於2011-11-1更變為(C1I131)站。||C1I131
C1I160|龍神橋|339|120.8715|23.7799|南投縣|水里鄉崁頂村(臺21線龍神橋附近)|1993-03-01|2015-11-24|||
C1I170|集集|235|120.775|23.8264|南投縣|集集鎮集集加油站旁|1992-12-01|2015-09-24|||
C1I180|清水林|723|120.8204|24.0716|臺中市|太平區136縣道9.5K處旁約500公尺|2002-08-01|2008-02-24|原(C1I180)站因縣市代碼不符，於2008-2-25重新編碼為(C1F9J0)站。||C1F9J0
C1I190|水長流|660|120.8605|24.0618|南投縣|國姓鄉大旗農路末端|2002-08-01|2015-09-02|||
C1I200|中心崙|661|120.7123|23.7285|南投縣|竹山鎮之中心崙林道4.1Km處|2002-08-01|2011-10-31|因儀器汰換，於2011-11-1更變為(C1I201)站。||C1I201
C1I210|蘆竹湳|566|120.812|23.9341|南投縣|中寮鄉清水村龍林巷4鄰58之6號旁|2002-08-01|2011-10-31|因儀器汰換，於2011-11-1更變為(C1I211)站。||C1I211
C1I270|水里|593|120.8541|23.832|南投縣|水里鄉聖母修道院內|2002-08-01|2015-09-23|||
C1I300|上安橋|781|120.8738|23.7283|南投縣|水里鄉(臺21線上安村段之三廓產業道路2K處梅園裡)|2002-08-01|2015-11-24|||
C1I350|東埔|887|120.9251|23.5563|南投縣|信義鄉東埔村村辦公室籃球場旁|2002-08-01|2015-09-22|||
C1K230|西螺|79|120.4526|23.8044|雲林縣|西螺鎮西螺鎮東南路326號(東南中學內)|1993-03-01|2015-05-27|||
C1K250|崙背|59|120.3189|23.7556|雲林縣|崙背鄉阿勸村阿勸農場(阿勸段487號)|1993-03-01|2015-06-08|因擴充為氣象站，於2015-6-8升級為(C0K250)站。||C0K250
C1K260|後安寮|29|120.2332|23.7892|雲林縣|麥寮鄉後安村227號(雲林縣麥寮鄉豐安國民小學內)|1993-03-01|2015-07-22|||
C1K270|褒忠|21|120.3081|23.7049|雲林縣|褒忠鄉埔姜村太湖路11號(埔姜工作站內)|1993-03-01|2015-05-28|||
C1K310|斗六|40|120.5163|23.7055|雲林縣|斗六市保長路155號(雲林縣斗六市保長國民小學內)|1993-03-01|2015-05-28|||
C1K320|阿丹|51|120.5119|23.658|雲林縣|斗南鎮將軍里溫厝1號(雲林縣斗南鎮重光國民小學內)|1993-03-01|2015-05-27|||
C1K340|土庫|33|120.3899|23.688|雲林縣|土庫鎮石廟里復興路16號(雲林縣土庫國民中學內)|1993-03-01|2015-05-28|||
C1K350|北港|24|120.2953|23.569|雲林縣|北港鎮光復路2號(北港糖廠內)|1993-03-01|2015-05-26|||
C1K380|山豬湖|649|120.6012|23.5867|雲林縣|古坑鄉華山村松林路41號旁約100公尺|2002-08-01|2015-02-25|||
C1M440|新高口|2540|120.8789|23.4787|嘉義縣|阿里山鄉新高口臺(阿里山遊樂區往18號公路)(阿里山事業區221林班地)|1992-05-01|2015-04-12|原(C1M440)站因縣市代碼不符，於2015-4-13重新編碼為(C1I440)站。||C1I440
C1M450|中坑|167|120.5256|23.5612|嘉義縣|大林鎮大糖里399號大埔美農場(中坑段中坑128號)|1993-03-01|2015-06-05|||
C1M460|溪口|14|120.4043|23.604|嘉義縣|溪口鄉中正東路103號(嘉義縣立溪口國民中學內)|1993-03-01|2015-05-20|||
C1M470|鰲鼓|23|120.1489|23.5052|嘉義縣|東石鄉鰲鼓村四股67號(臺灣糖業公司鰲鼓農場)|1993-03-01|2015-05-25|||
C1M490|內埔|130|120.5642|23.4854|嘉義縣|竹崎鄉內埔村元興路2號(嘉義縣竹崎鄉內埔國民小學內)|1993-03-01|2015-06-03|||
C1M500|魚寮|41|120.3623|23.4783|嘉義縣|太保市港尾村農場1號白鴿厝農場(白鴿厝段白鴿厝小段139內號)|1993-03-01|2015-05-21|||
C1M510|朴子|8|120.2577|23.4698|嘉義縣|朴子市德奐里120號(農業改良場朴子分場)|1993-03-01|2015-05-26|||
C1M520|東後寮|19|120.2484|23.3697|嘉義縣|義竹鄉東光村東後寮農場(新庄段新庄小段33號)|1993-03-01|2015-04-27|因擴充為氣象站，於2015-7-1升級為(C0M520)站。||C0M520
C1M540|小公田|768|120.581|23.3618|嘉義縣|番路鄉分水嶺休息站後方山丘上|1993-03-01|2015-06-03|||
C1M550|中埔|110|120.5203|23.4235|嘉義縣|中埔鄉中埔村177號(中埔國民中學內)|1993-03-01|2005-12-01|因移位，於2006-3-27更變為(C1M551)站。||C1M551
C1M551|中埔|110|120.5238|23.4211|嘉義縣|中埔鄉中埔村中正路1號(中埔國民小學校園內)|2006-03-27|2015-06-03|原(C1M550)站因移位，於2006-3-27更變為(C1M551)站。|C1M550|
C1M560|南靖|43|120.3841|23.4124|嘉義縣|水上鄉靖和村1號南靖糖廠(南靖段867內號)|1993-03-01|2015-05-26|||
C1M630|豐山|1052|120.7488|23.5951|嘉義縣|阿里山鄉豐山村石鼓磐98號旁約200公尺處|2002-08-01|2013-10-04|||
C1N000|沙崙|25|120.3092|22.9358|臺南市|歸仁區沙崙里184號北沙崙農場|1992-05-01|2013-07-31|因儀器汰換，於2013-8-1更變為(C1N001)站。||C1N001
C1O820|左鎮|30|120.4042|23.0551|臺南市|左鎮區71301中正里7號(左鎮國民小學內)|1988-12-01|2013-03-08|||
C1O830|北寮|105|120.4945|23.0796|臺南市|南化區北寮里48-4號|1988-12-01|2013-03-11|因擴充為氣象站，於2013-4-18升級為(C0O830)站。||C0O830
C1O840|王爺宮|144|120.3992|23.2208|臺南市|六甲區王爺里9鄰王爺宮15號|1988-12-01|2013-08-14|因觀測條件不佳及擴充為氣象站，於2013-12-1升級為(C0O840)站。||C0O840
C1O860|大內|61|120.3614|23.1202|臺南市|大內區74201大內里63號(大內國民小學)|1988-12-01|2013-07-31|因擴充為氣象站，於2013-8-1升級為(C0O860)站。||C0O860
C1O920|楠西|150|120.4845|23.1833|臺南市|楠西區中興路107號(楠西國民中學內)|1988-12-01|2013-03-07|因儀器汰換，於2013-4-18更變為(C1O921)站。||C1O921
C1O950|和順|4|120.1448|23.0766|臺南市|安南區公學路6段589號(學東國民小學分校內)|1992-05-01|2013-07-31|因擴充為氣象站，於2013-8-1升級為(C0O950)站。||C0O950
C1O960|崎頂|80|120.3689|22.9596|臺南市|龍崎區中坑里5鄰13號|1992-05-01|2013-02-23|因擴充為氣象站，於2013-2-23升級為(C0O960)站，2013-4-18完成驗收。||C0O960
C1O970|虎頭埤|60|120.3478|23.0213|臺南市|新化區口埤18號(新化分場)|1992-05-01|2013-07-31|因擴充為氣象站，於2013-8-1升級為(C0O970)站。||C0O970
C1O980|新市|76|120.2987|23.0622|臺南市|新市區永就里53號(番子寮農場)|1992-05-01|2013-07-31|因擴充為氣象站，於2013-8-1升級為(C0O980)站。||C0O980
C1O990|媽祖廟|23|120.2934|22.9916|臺南市|歸仁區中正北路3段60號(保西國民小學內)|1992-05-01|2013-07-31|因擴充為氣象站，於2013-8-1升級為(C0O990)站。||C0O990
C1P9A0|三爺|35|120.2799|22.8371|高雄市|路竹區82108三爺里民權路7號(三埤國民小學)|1992-05-01|2013-10-01|原(C1R180)站因縣市代碼不符，於2008-2-25重新編碼為(C1P9A0)站。|C1R180|
C1R090|里港|42|120.4966|22.8002|屏東縣|里港鄉中和村中和路14-9號|1992-05-01|2013-06-20|||
C1R130|阿禮|1040|120.7436|22.7427|屏東縣|霧臺鄉(屏東事業區第46林班)由山地文化村開車約2小時需徒步轉波站前面|1992-05-01|2013-07-31|因擴充為氣象站，於2013-8-1升級為(C0R130)站。||C0R130
C1R140|瑪家|740|120.687|22.683|屏東縣|瑪家鄉瑪家村4鄰24號(後山)|1992-05-01|2013-07-31|因擴充為氣象站，於2013-8-1升級為(C0R140)站。||C0R140
C1R160|新圍|45|120.5308|22.7396|屏東縣|鹽埔鄉彭厝國民小學校園|1992-05-01|2013-08-12|於2013-12-1變更為(C0R160)站。||C0R160
C1R170|屏東|26|120.4941|22.6603|屏東縣|屏東市復興路245號(台灣糖業公司屏東區處場區內)|1992-05-01|2013-08-08|2013-12-1變更為(C0R170)站。||C0R170
C1R180|三爺|35|120.28|22.8366|高雄市|路竹區三爺里民權路7號(三埤國民小學)|1992-05-01|2008-02-24|原(C1R180)站因縣市代碼不符，於2008-2-25重新編碼為(C1P9A0)站。||C1P9A0
C1R190|赤山|48|120.6164|22.591|屏東縣|萬巒鄉東山路1號赤山農場(赤山段217號)|1992-05-01|2013-09-30|因觀測環境不佳，於2013-12-1遷移至(C0R190)站。||C0R190
C1R200|龍泉|61|120.6022|22.6671|屏東縣|內埔鄉龍泉村原勝路6號(崇文國民小學內)|1992-05-01|2013-07-31|因儀器汰換，於2013-8-1更變為(C1R201)站。||C1R201
C1R210|麟洛|54|120.5518|22.6573|屏東縣|麟洛鄉新田村信義路農場巷10號月縊寮溪農場(麟洛段1689號)|1992-05-01|2013-06-19|||
C1R230|南州|20|120.5165|22.4926|屏東縣|南州鄉溪北村永安路1號(南州糖廠內)|1992-05-01|2013-06-13|||
C1R240|來義|87|120.6251|22.5273|屏東縣|萬巒鄉新隆路64號萬隆農場(佳佐段180號)|1997-07-01|2013-09-24|因擴充為氣象站，於2013-12-1升級為(C0R240)站。||C0R240
C1R260|春日|76|120.6283|22.3704|屏東縣|春日鄉春日國民小學內|1997-07-01|2013-08-30|因擴充為氣象站，於2013-12-1升級為(C0R260)站。||C0R260
C1R310|壽卡|489|120.8589|22.2389|屏東縣|牡丹鄉(潮州事業區46林班地)電信轉播站後方|1997-07-01|2015-04-13|原(C1R310)站因縣市代碼不符，於2015-4-13重新編碼為(C1S880)站。||C1S880
C1S640|東河|65|121.3064|22.9718|臺東縣|東河鄉北東河17鄰26號(東河國民小學操場旁)|1997-07-01|2004-05-31|站因擴充為氣象站，於2004-6-1升級為(C0S810)站。||C0S810
C1S650|長濱|288|121.412|23.2868|臺東縣|長濱鄉竹湖村移民橋後方山頂三角點旁|1997-07-01|2004-05-31|因擴充為氣象站，於2004-6-1升級為(C0S830)站。||C0S830
C1T880|吳全城|27|121.5479|23.886928|花蓮縣|壽豐鄉平和村吳全10號(和平國小之吳全國小操場旁)|1996-01-01|2013-11-26|||
C1T900|西林|160|121.41785|23.806813|花蓮縣|萬榮鄉西林路8鄰114號(西林國民小學運動場旁)|1996-01-01|2010-06-30|因擴充為氣象站，於2010-7-1升級為(C0T900)站。||C0T900
C1U521|雙連埤|517|121.64125|24.75291|宜蘭縣|員山鄉雙連埤地區(需徒步20分鐘)|1996-01-01|2010-06-30|因擴充為氣象站，於2010-7-1升級為(C0U520)站。|C1U520|C0U520
C1U590|頭城|6|121.81464|24.851928|宜蘭縣|頭城鎮新建里新興路111號(頭城家商操場角落)|1996-01-01|2015-05-14|||
C1U620|壯圍|17|121.78957|24.743742|宜蘭縣|壯圍鄉壯五路40號(壯圍國民小學操場旁)|1996-01-01|2010-06-30|因擴充為氣象站，於2010-7-1升級為(C0U620)站。||C0U620
C1U680|冬山|22|121.7935|24.632352|宜蘭縣|冬山鄉南興村照安路26號(冬山國民中學內)|1996-01-01|2010-06-30|因擴充為氣象站，於2010-7-1升級為(C0U680)站。||C0U680
C1U700|土場|370|121.4971|24.572378|宜蘭縣|大同鄉太平山遊樂區售票口前方250公尺路旁|1996-01-01|2009-10-06|||
C1V180|大寮|24|120.432|22.610011|高雄市|大寮區琉球里農場路12-1號(大寮農場)|1992-05-01|2013-06-13|||
C1V210|復興|700|120.8059|23.222405|高雄市|桃源區復興里復興巷1鄰15號|1992-05-01|2013-03-08|因擴充為氣象站，於2013-3-18升級為(C0V210)站，於2013-4-18完成驗收。||C0V210
C1V230|高中|731|120.7167|23.134911|高雄市|桃源區高中里|1992-05-01|2013-03-11|因儀器汰換，於2013-4-18更變為(C1V231)站。||C1V231
C1V240|新發|470|120.6601|23.052147|高雄市|六龜區荖濃里2鄰水冬瓜44號旁|1992-05-01|2013-09-27|||
C1V260|月眉|112|120.5398|22.971308|高雄市|杉林區月眉里山仙路1號月眉農場(杉林區月眉段2181號)|1992-05-01|2013-07-31|因擴充為氣象站，於2013-8-1升級為(C0V260)站。||C0V260
C1V270|溪南|1792|120.8064|23.075994|高雄市|桃源區荖濃溪事業區54林班地(籐枝山遊樂區右邊往林道車程約45分鐘)|1992-05-01|2013-10-23|||
C1V280|藤枝|1533|120.7542|23.074883|高雄市|桃源區|1992-05-01|1995-08-15|||
C1V290|新集|1166|120.7939|23.035158|高雄市|桃源區荖濃溪事業區34林班地(藤枝山遊樂區往下500公尺車程約2小時)|1992-05-01|2013-07-31|||
C1V320|吉東|95|120.5572|22.841178|高雄市|美濃區獅山里21鄰獅山街37號(高美大橋堤防邊)|1992-05-01|2013-05-16|||
C1V330|旗山|63|120.4943|22.877672|高雄市|旗山區糖廠里忠孝街33號旗山糖廠(旗尾段2052號)|1992-05-01|2013-06-06|||
C1V350|溪埔|36|120.4468|22.738578|高雄市|大樹區溪埔里之台21線285k-286k間|1992-05-01|2013-08-10|因擴充為氣象站，於2013-12-1升級為(C0V350)站。||C0V350
C1V360|木柵|94|120.4668|22.975481|高雄市|內門區木柵里木柵3號(木柵國民小學)|1992-05-01|2013-09-16|因擴充為氣象站，於2013-12-1升級為(C0V360)站，站名更變為內門。||C0V360
C1V380|路竹|16|120.2922|22.879067|高雄市|路竹區環球路72號新園農場|1992-05-01|2011-12-06|||
C1V400|竹子腳|51|120.3434|22.812978|高雄市|燕巢區西燕里工程路1號(阿公店水庫內)|1992-05-01|2013-10-01|因擴充為氣象站，於2013-12-1升級為(C0V400)站，站名更變為阿公店。||C0V400
C1V410|岡山|31|120.2977|22.755153|高雄市|橋頭區新莊里仕元路左邊一號白樹子農場(橋頭區白樹子段1035號)|1992-05-01|2013-10-02|||
C1V420|鳳雄|55|120.3526|22.750778|高雄市|大社區保社里民權路126號鳳山厝農場(大社區保舍甲段1037號)|1992-05-01|2013-09-30|||
C1V430|左營|13|120.2953|22.677151|高雄市|左營區曾子路281號(左營國中內)|1992-05-01|2013-09-03|因移位及擴充為氣象站，於2013-12-1升級為(C0V430)站。||C0V430
C1V440|鳳山|27|120.3561|22.646653|高雄市|鳳山區文山路園藝巷4號(鳳山熱帶園藝試驗分所)|1992-05-01|2013-09-03|因移位及擴充為氣象，於2013-12-1升級為(C0V440)站。||C0V440
C1V450|鳳森|61|120.3845|22.537976|高雄市|小港區水庫段56地號(鳳山水庫警衛室旁)|1992-05-01|2012-07-31|因移位，於2012-7-31更變為(C1V451)站。||C1V451
C1V451|鳳森|51|120.3926|22.545196|高雄市|小港區水庫段96-1地號(鳳山給水廠內)|2012-07-31|2013-09-13|因擴充為氣象站，於2013-12-1升級為(C0V450)站。|C1V450|C0V450
C1V460|楠溪|1857|120.8926|23.436444|高雄市|桃源區(楠溪林道17k處愛玉工寮，車程約1小時)|1993-03-06|2016-01-01|||
C1V530|阿蓮|34|120.3276|22.883199|高雄市|阿蓮區民生路94號(阿蓮區公所)|2012-01-01|2013-07-31|因擴充為氣象站，於2013-8-1升級為(C0V530)站。||C0V530
C1X010|岸內|15|120.26051|23.329819|臺南市|鹽水區岸內里96號|1993-03-01|2015-05-26|||
C1X030|白河|33|120.42902|23.325181|臺南市|白河區崁頭里65號白河農場(崁子頭839號)|1993-03-01|2015-05-19|||
C1X050|東河|19|120.38532|23.29685|臺南市|東山區東河里吉貝耍64號(東河水利工作站)|1993-03-01|2015-04-10|因擴充為氣象站及移位，於2015-7-1升級為(C0X050)站。||C0X050
C1X060|下營|19|120.25626|23.22695|臺南市|下營區仁里里下營國小附近|1993-03-01|2015-05-13|因擴充為氣象站，於2015-7-1升級為(C0X060)站。||C0X060
C1X070|北門|14|120.12491|23.268189|臺南市|北門區北門里舊悜119號(北門電信局後方觀測坪)|1993-03-01|2015-06-02|||
C1X090|七股|6|120.14605|23.141803|臺南市|七股區昭明國中後方|1993-03-01|2015-05-29|||
C1Z020|明里|211|121.26227|23.208771|花蓮縣|富里鄉明里村明里社區後方山上|1997-07-01|2010-06-30|因擴充為氣象站，於2010-7-1升級為(C0Z020)站。||C0Z020
